Predicted,SE,lower,upper,BHC,tssr,day,Species
0.30784010083041013,0.039358014917154974,0.23644478175891842,0.3897882799231375,Conif,0.061,0.4436,TEWA
0.19227978361892603,0.02569859719820533,0.14684343216625056,0.24769339683030883,Decid,0.061,0.4436,TEWA
0.2614225288820583,0.049358008154906624,0.17659032125604784,0.36875661601334403,Ripforest,0.061,0.4436,TEWA
0.19566385571902734,0.08394933038158799,0.07877544467198395,0.40899157345967485,Wetland,0.061,0.4436,TEWA
0.01950792580953892,0.014855430778920693,0.004323073172308726,0.0835539130132907,Dry slopes,0.061,0.4436,TEWA
0.01635510657073236,0.013548755627058947,0.0031809868105044966,0.07972628637166632,Cultiv,0.061,0.4436,TEWA
0.07895196367281085,0.06315525678474604,0.015384668051719917,0.31984905911370987,Non-veg,0.061,0.4436,TEWA
Predicted,SE,lower,upper,BHC,tssr,day,Species
0.3935191385589761,0.04109326257054647,0.31647609466706356,0.47624963316268576,Conif,0.061,0.4436,RBNU
0.13694037257047229,0.019919100067799806,0.10236062614622082,0.1808483933861905,Decid,0.061,0.4436,RBNU
0.15582817152569353,0.03436933787724195,0.09959904750762691,0.23549899617683184,Ripforest,0.061,0.4436,RBNU
0.10993448673001305,0.04263239366374961,0.049956300337916294,0.2248781467754466,Wetland,0.061,0.4436,RBNU
0.015558075512480478,0.015625932395601682,0.002135071545983569,0.10453020800210773,Dry slopes,0.061,0.4436,RBNU
2.359531980505246e-6,2.1951779253820978e-4,1.5190109730000237e-85,0,Cultiv,0.061,0.4436,RBNU
0.05835059282004775,0.05800079376166034,0.007766786240082269,0.329107314904219,Non-veg,0.061,0.4436,RBNU
Predicted,SE,lower,upper,BHC,tssr,day,Species
0.49177031217335954,0.04194858918268341,0.4105041263446837,0.5734737595400541,Conif,0.061,0.4436,BTNW
0.15828372094340049,0.024633529774839267,0.11573629963614356,0.212710031234817,Decid,0.061,0.4436,BTNW
0.1616820017821726,0.039960786576963225,0.09765012150599789,0.2557987183757285,Ripforest,0.061,0.4436,BTNW
7.003429942687637e-5,0.0011350789088553574,1.118279187480368e-18,0,Wetland,0.061,0.4436,BTNW
4.2213563310601876e-5,8.609974931795237e-4,1.8341550874178803e-22,0,Dry slopes,0.061,0.4436,BTNW
0.04842237813679879,0.036426561390976095,0.01069101148880616,0.19329897700103016,Cultiv,0.061,0.4436,BTNW
1.4913596216845228e-5,0.001054975999516442,9.10682502139594e-66,0,Non-veg,0.061,0.4436,BTNW
Predicted,SE,lower,upper,BHC,tssr,day,Species
0.05475446255567289,0.015897057609119816,0.03075121972600242,0.09564487229750664,Conif,0.061,0.4436,COYE
0.11567810683929847,0.027165324210757433,0.07212564879058073,0.18041581262471318,Decid,0.061,0.4436,COYE
0.20866910730609486,0.057781017158749316,0.11724341613509436,0.34363531164617994,Ripforest,0.061,0.4436,COYE
0.6412253738302669,0.07623916684534492,0.482797957493746,0.7738550652487107,Wetland,0.061,0.4436,COYE
0.06028926506489245,0.03758409233715858,0.017180652304418842,0.19058790693038433,Dry slopes,0.061,0.4436,COYE
0.07063813564523828,0.05235942794444401,0.015671070972074094,0.26625397249906285,Cultiv,0.061,0.4436,COYE
0.2173689508805099,0.13068390047562248,0.058047893764050715,0.555904164416403,Non-veg,0.061,0.4436,COYE
Predicted,SE,lower,upper,BHC,day,Species
0.215385551557909,0.05944477256696482,0.12108549909976263,0.3535811145850395,Conif,0.4436,NOWA
0.21218116263035375,0.0524432338710236,0.12711323497433977,0.33249370665254774,Decid,0.4436,NOWA
0.3957782227855863,0.09211496653748341,0.23540157618634874,0.5822175343516961,Ripforest,0.4436,NOWA
0.5036680484339378,0.10710820141655204,0.3046851944699658,0.7014957185338617,Wetland,0.4436,NOWA
0.28099501062970916,0.15697593425411216,0.07853946681891238,0.6418254442634952,Dry slopes,0.4436,NOWA
2.0919259068581052e-5,0.0011109283338829414,1.3064743911774354e-50,0,Cultiv,0.4436,NOWA
0.9999331311202175,0.008110285641633717,8.485410635090922e-100,1,Non-veg,0.4436,NOWA
Predicted,SE,lower,upper,BHC,tssr,day,Species
0.33474515105634556,0.04995359955576374,0.24481568481765273,0.4385262933382106,Conif,0.061,0.4436,MGNW
0.1024084157735769,0.021004817584290025,0.06794983688542039,0.1515011347292026,Decid,0.061,0.4436,MGNW
0.21907551352880086,0.05371815089565101,0.13164697781296752,0.34171755769889944,Ripforest,0.061,0.4436,MGNW
0.20887626605816786,0.07135253149927807,0.10174250512078599,0.38097472697067064,Wetland,0.061,0.4436,MGNW
3.7502592582894316e-7,8.999441570163448e-5,2.053108260771309e-211,0,Dry slopes,0.061,0.4436,MGNW
5.9216804577859646e-6,4.626537237246288e-4,1.8565551624923923e-72,0,Cultiv,0.061,0.4436,MGNW
0.08248242649088679,0.08462740471883616,0.009943947288052524,0.44586912132812895,Non-veg,0.061,0.4436,MGNW
Predicted,SE,lower,upper,BHC,tssr,day,xYear,Species
0.5379580460600896,0.06773700536050326,0.40564418019094856,0.6651325473539887,Conif,0.061,0.4436,0,GCKI
0.0638253205935356,0.017396141201667395,0.03710196741287674,0.10764486454938814,Decid,0.061,0.4436,0,GCKI
0.09350969624538842,0.04455188199105343,0.03551460539023299,0.22419591307456108,Ripforest,0.061,0.4436,0,GCKI
3.168104024849055e-6,3.9785372125325963e-4,4.0337390569705734e-113,0,Wetland,0.061,0.4436,0,GCKI
4.929924460705366e-6,5.135391002428833e-4,1.058430564102866e-94,0,Dry slopes,0.061,0.4436,0,GCKI
1.0025520878866289e-5,7.605908768487091e-4,2.6525083001253205e-70,0,Cultiv,0.061,0.4436,0,GCKI
0.176972551807904,0.17848946543816607,0.01909938791392801,0.7036677572472252,Non-veg,0.061,0.4436,0,GCKI
Predicted,SE,lower,upper,BHC,tssr,Species
0.09038270513535614,0.029470523650191087,0.04690703704100809,0.16708940144232268,Conif,0.061,NOFL
0.14759516102997103,0.043561157466148775,0.08074905725879952,0.254460207584241,Decid,0.061,NOFL
0.14051973254723596,0.05124571464095924,0.0664456852814043,0.27302165208360435,Ripforest,0.061,NOFL
0.1668189551392801,0.08124039064348763,0.05986407259785665,0.38633703154291943,Wetland,0.061,NOFL
0.11938888879549926,0.06298150442409833,0.040219544807362104,0.3048922472490109,Dry slopes,0.061,NOFL
0.0911206789977261,0.05889158274437305,0.02427447471084279,0.287757739980348,Cultiv,0.061,NOFL
8.917534764550551e-6,8.293296066603884e-4,6.136302402301774e-85,0,Non-veg,0.061,NOFL
Predicted,SE,lower,upper,BHC,tssr,day,xYear,Species
0.20404520337907184,0.060281271686936894,0.11020274083199409,0.3466652957711746,Conif,0.061,0.4436,0,MOWA
0.1912699949663934,0.04430684186186492,0.1188700715510899,0.29309817375255653,Decid,0.061,0.4436,0,MOWA
0.13531542420678003,0.05818665133437456,0.055753550836322226,0.2931640156088692,Ripforest,0.061,0.4436,0,MOWA
0.07029733513586797,0.07505518386784614,0.007899873711635579,0.417928094263012,Wetland,0.061,0.4436,0,MOWA
0.2584513578087256,0.1290658661615114,0.08518213556909075,0.5660779173695223,Dry slopes,0.061,0.4436,0,MOWA
0.08893795736432693,0.09438089909589453,0.009857408631176812,0.48907216191361336,Cultiv,0.061,0.4436,0,MOWA
0.21111182680165483,0.22832238939126345,0.017893850894674303,0.7971812051567847,Non-veg,0.061,0.4436,0,MOWA
Predicted,SE,lower,upper,BHC,tssr,day,Species
0.029564067220789657,0.010503212852259513,0.014647723421318063,0.058764407162014344,Conif,0.061,0.4436,PUFI
0.03828708416478069,0.012445862570177822,0.020112676434949812,0.07168301410931711,Decid,0.061,0.4436,PUFI
0.01677050391741273,0.008463794130036804,0.006198354352444371,0.044566272035688234,Ripforest,0.061,0.4436,PUFI
0.020111324984851457,0.013415819317875315,0.005375901344663763,0.07230074715137846,Wetland,0.061,0.4436,PUFI
0.020595130003877835,0.01360923357953808,0.005572815460872453,0.07313407914261932,Dry slopes,0.061,0.4436,PUFI
0.04701556272044793,0.02703709281638031,0.014893331713089012,0.13866728136284565,Cultiv,0.061,0.4436,PUFI
2.7335698756718687e-6,2.657057875721127e-4,4.998557151747706e-89,0,Non-veg,0.061,0.4436,PUFI
Predicted,SE,lower,upper,BHC,tssr,day,xYear,Species
0.0068122629146057986,0.003579743457526846,0.0024257356891614038,0.018980150764011196,Conif,0.061,0.4436,0,VESP
0.024695657233811636,0.006525043727359783,0.014671140459214376,0.041282760161882405,Decid,0.061,0.4436,0,VESP
3.110062334736563e-8,9.968132989300113e-6,4.700866721447281e-281,0,Ripforest,0.061,0.4436,0,VESP
0.00752506568511547,0.007809046689722006,9.757647046872334e-4,0.05558713728273998,Wetland,0.061,0.4436,0,VESP
0.5169572522341854,0.08686765546157085,0.3511566057225814,0.6791066054657539,Dry slopes,0.061,0.4436,0,VESP
0.41693984868659817,0.1001678952865103,0.24178163794071328,0.6159137116699253,Cultiv,0.061,0.4436,0,VESP
0.061279145635141724,0.04709882365179816,0.012947321458212311,0.24521035452713852,Non-veg,0.061,0.4436,0,VESP
Predicted,SE,lower,upper,BHC,tssr,day,xYear,Species
0.021801538133751668,0.010954376467195033,0.008078144999116943,0.05748747873369947,Conif,0.061,0.4436,0,BAOR
0.2737823009081357,0.05620841936896912,0.17805182655329713,0.3961745068178167,Decid,0.061,0.4436,0,BAOR
0.13256998390306896,0.07379327612357077,0.04164057589633285,0.3496221543062465,Ripforest,0.061,0.4436,0,BAOR
0.0663843896242017,0.07371959967434459,0.006861823664850304,0.4225511947014548,Wetland,0.061,0.4436,0,BAOR
7.531497477085533e-6,8.046406682906579e-4,8.641681978730936e-97,0,Dry slopes,0.061,0.4436,0,BAOR
0.09380999403724374,0.07269774990968766,0.01900098695922849,0.3562048305104523,Cultiv,0.061,0.4436,0,BAOR
1.9038667213198197e-5,0.001953881266313106,8.350690105564106e-93,0,Non-veg,0.061,0.4436,0,BAOR
Predicted,SE,lower,upper,BHC,tssr,day,xYear,Species
0.009918696977953508,0.003542003965519841,0.004916216260665459,0.019909590878248166,Conif,0.061,0.4436,0,WIWA
0.006092284493770069,0.002063130192351981,0.003133630738153518,0.011811287535432468,Decid,0.061,0.4436,0,WIWA
0.0037323923900314956,0.002010145132424823,0.001296882944624383,0.010692749410276634,Ripforest,0.061,0.4436,0,WIWA
0.002948132110536307,0.0023264040514997834,6.264382751629648e-4,0.013756004909172148,Wetland,0.061,0.4436,0,WIWA
0.005184215426746405,0.003385738333629388,0.0014371795179411642,0.01851939687879167,Dry slopes,0.061,0.4436,0,WIWA
0.010206350487782455,0.006603372601577699,0.002855545538243865,0.0358003750187787,Cultiv,0.061,0.4436,0,WIWA
2.774026376697614e-6,1.445711058468326e-4,1.2072169016823662e-50,0,Non-veg,0.061,0.4436,0,WIWA
Predicted,SE,lower,upper,BHC,tssr,day,xYear,Species
0.018268074891567686,0.010628390623437631,0.005790715520440898,0.056113224333128466,Conif,0.061,0.4436,0,TRSW
0.05994645140475574,0.02532036974843526,0.025752527764664836,0.13332922335876127,Decid,0.061,0.4436,0,TRSW
0.017774592844120782,0.019233973147902945,0.002084130206740027,0.13554633949224834,Ripforest,0.061,0.4436,0,TRSW
0.6546648971053081,0.22135725356255637,0.2176484401404651,0.928151789612178,Wetland,0.061,0.4436,0,TRSW
0.28035195985805317,0.17400900477809517,0.06703567121495665,0.6786793386733485,Dry slopes,0.061,0.4436,0,TRSW
0.06486086677447649,0.07542161903914832,0.006026069376181178,0.44243495932295956,Cultiv,0.061,0.4436,0,TRSW
0.3049331948412763,0.5052052934678882,0.004087521824913575,0.9791205636419885,Non-veg,0.061,0.4436,0,TRSW
Predicted,SE,lower,upper,BHC,Species
0.05995312343063431,0.022625915036175247,0.02821670871876416,0.12287143577211534,Conif,BBMA
0.06040457626337687,0.02100238124394741,0.030187792396291806,0.11721165093755892,Decid,BBMA
0.29843019688196176,0.09182566703030785,0.1525953676789627,0.501204962778748,Ripforest,BBMA
0.2804723008273252,0.1201244679364662,0.10824695031141528,0.5558988360938922,Wetland,BBMA
0.23002004146675328,0.0963290772016872,0.09328186929388069,0.46451221589647274,Dry slopes,BBMA
0.2076861754484029,0.1053092226555724,0.06957389557741027,0.47886122010825505,Cultiv,BBMA
0.10707320000719664,0.11102064369571789,0.012165603805659021,0.5386523945656636,Non-veg,BBMA
Predicted,SE,lower,upper,BHC,day,Species
0.08321297516779168,0.04026219716558708,0.0312536678978909,0.20341627260818626,Conif,0.4436,ATTW
0.023560518649472763,0.012679506510554798,0.008125571713734816,0.06635356193458308,Decid,0.4436,ATTW
0.035414444021520636,0.023095245340961346,0.009663572377874881,0.12137468352100478,Ripforest,0.4436,ATTW
0.017610287631542574,0.01985258664297561,0.0018874548034712032,0.14524748687421118,Wetland,0.4436,ATTW
3.88460828937795e-6,2.742038637555793e-4,3.1998456092484017e-66,0,Dry slopes,0.4436,ATTW
0.07011195436070541,0.060979720614006,0.011912595997870526,0.3204364156349948,Cultiv,0.4436,ATTW
6.738175436894292e-11,3.0213318041002315e-7,0,0,Non-veg,0.4436,ATTW
Predicted,SE,lower,upper,BHC,tssr,day,xYear,Species
0.11446739629489451,0.05868310626893406,0.039902994111759064,0.2867511689504817,Conif,0.061,0.4436,0,FOSP
0.07482133853710335,0.03346799776693708,0.03039863156138911,0.17260448625575706,Decid,0.061,0.4436,0,FOSP
0.47232903022206457,0.14365746442771424,0.22434706526199027,0.7347615415654872,Ripforest,0.061,0.4436,0,FOSP
0.22281111186255817,0.1853563944275803,0.03398385331086246,0.7002685423344465,Wetland,0.061,0.4436,0,FOSP
0.3890338782120558,0.1981226606100239,0.11055393930821324,0.7653692085643606,Dry slopes,0.061,0.4436,0,FOSP
0.16968493453896444,0.09548334956636706,0.05136137358601736,0.4354664301762458,Cultiv,0.061,0.4436,0,FOSP
0.9858585718874657,NaN,NaN,NaN,Non-veg,0.061,0.4436,0,FOSP
Predicted,SE,lower,upper,BHC,day,Species
0.015096033145420074,0.004356274999913866,0.008557357950347675,0.026497379650334097,Conif,0.4436,DOWO
0.03173651852137702,0.00525202949531618,0.02290969387217073,0.04381171929005184,Decid,0.4436,DOWO
0.01459611674295118,0.007257365309913031,0.005479490074818101,0.03829665511336389,Ripforest,0.4436,DOWO
2.1436945062099278e-7,4.451475288058279e-5,3.761891186681469e-184,0,Wetland,0.4436,DOWO
0.017970745543781735,0.012622155352062491,0.004484238934423154,0.0691989638775072,Dry slopes,0.4436,DOWO
0.04524200666452035,0.022655489272416385,0.01666865814008662,0.11696936342218314,Cultiv,0.4436,DOWO
2.8969715243639238e-5,0.0010068532925185366,7.538268990214961e-35,0,Non-veg,0.4436,DOWO
Predicted,SE,lower,upper,BHC,tssr,day,xYear,Species
0.05296622820620281,0.03234352272916227,0.015558634873553183,0.1652183944706827,Conif,0.061,0.4436,0,BOCH
0.006954023676144072,0.0047066495736248475,0.0018378918819476797,0.025941773099792544,Decid,0.061,0.4436,0,BOCH
0.007898724220537143,0.007218791918938716,0.0013071045047930536,0.04619379859047578,Ripforest,0.061,0.4436,0,BOCH
0.022047096017572675,0.01928839165502171,0.0038891982396143986,0.11517820042596216,Wetland,0.061,0.4436,0,BOCH
4.501953816274152e-6,2.501505202267044e-4,2.2713239906605913e-53,0,Dry slopes,0.061,0.4436,0,BOCH
8.49148258822954e-6,3.716608851716052e-4,4.706659812052611e-43,0,Cultiv,0.061,0.4436,0,BOCH
1.927248192202524e-5,6.741895709099264e-4,3.2185262049092954e-35,0,Non-veg,0.061,0.4436,0,BOCH
Predicted,SE,lower,upper,BHC,tssr,day,Species
0.033395178833003206,0.01052551421613613,0.01790754555060512,0.061439572069745076,Conif,0.061,0.4436,WWCR
0.006595813367315207,0.002547588614522842,0.0030891919064344486,0.014026884929451275,Decid,0.061,0.4436,WWCR
0.0025335914401867395,0.001768429061495574,6.440457020183327e-4,0.009911833455771204,Ripforest,0.061,0.4436,WWCR
0.004634040371672538,0.0037693223108068137,9.375190008968893e-4,0.022576133679549224,Wetland,0.061,0.4436,WWCR
2.6310114632326665e-6,1.019860729501067e-4,2.6598358843472538e-39,0,Dry slopes,0.061,0.4436,WWCR
5.666374643366279e-7,5.475903863521118e-5,3.1214216106209145e-89,0,Cultiv,0.061,0.4436,WWCR
6.406793179604199e-13,3.758251426997341e-10,0,0,Non-veg,0.061,0.4436,WWCR
Predicted,SE,lower,upper,BHC,tssr,day,xYear,Species
0.027428217517468965,0.02743631366215582,0.0037426757096535755,0.17471995611308583,Conif,0.061,0.4436,0,PIWO
0.022199533357348283,0.0221349604384104,0.0030673598871567716,0.14348974369522624,Decid,0.061,0.4436,0,PIWO
0.032672991754573166,0.03462630516361123,0.003929584102429244,0.22431568493186071,Ripforest,0.061,0.4436,0,PIWO
0.01514765269782641,0.02087831577285645,9.891704441693688e-4,0.19284358519581063,Wetland,0.061,0.4436,0,PIWO
5.472726673742471e-6,3.0445338234826865e-4,2.425127226412192e-53,0,Dry slopes,0.061,0.4436,0,PIWO
0.018792440145858465,0.02612036854669019,0.0011910388480311424,0.23524624553693715,Cultiv,0.061,0.4436,0,PIWO
9.273898784549848e-5,0.002155692207968921,1.51189733566589e-24,0,Non-veg,0.061,0.4436,0,PIWO
Predicted,SE,lower,upper,BHC,tssr,day,Species
0.09164239629971332,0.03573504659439967,0.0416816815938802,0.1896370874103166,Conif,0.061,0.4436,PSFL
0.1404032808211455,0.07009907142729932,0.049721042092948024,0.3376997932644777,Decid,0.061,0.4436,PSFL
0.04187439390783786,0.029557553038101925,0.010208915071265071,0.15625299954682445,Ripforest,0.061,0.4436,PSFL
3.422262248690182e-10,1.534605683977547e-6,0,0,Wetland,0.061,0.4436,PSFL
0.016132049002041137,0.02037142498698828,0.0013233127241092419,0.16867112004495224,Dry slopes,0.061,0.4436,PSFL
3.8507936208262147e-7,1.3596766402980412e-4,1.0831766906374706e-307,0,Cultiv,0.061,0.4436,PSFL
1.7495572780190066e-10,6.4247856120757855e-9,9.656205112221662e-42,0,Non-veg,0.061,0.4436,PSFL
Predicted,SE,lower,upper,BHC,tssr,Species
0.031181659930886885,0.007472695418177353,0.019434670430551956,0.04966928167880908,Conif,0.061,BLJA
0.009346388331348807,0.0030692053501612175,0.004902632680763003,0.017746142035667805,Decid,0.061,BLJA
0.03263937680147035,0.011377112044330645,0.01637823792494104,0.06399499773684358,Ripforest,0.061,BLJA
0.06708611511610788,0.025093105235055053,0.031732553754181464,0.1362836129083903,Wetland,0.061,BLJA
4.4670020716912533e-7,6.291363718912175e-5,5.834630062755405e-127,0,Dry slopes,0.061,BLJA
5.677214511017982e-6,2.6054377544876484e-4,4.895736601537803e-45,0,Cultiv,0.061,BLJA
2.8438524412636286e-5,9.0531499295512e-4,2.2693885414033448e-32,0,Non-veg,0.061,BLJA
Predicted,SE,lower,upper,BHC,Species
0.16337755411953198,0.11368336023936276,0.03684685084097076,0.49920602815828663,Conif,OSFL
0.022698522838629682,0.01811842359832638,0.0046634993627694965,0.10324518492467703,Decid,OSFL
0.10047621483130652,0.08349526426509195,0.017940478070355193,0.40581423170505226,Ripforest,OSFL
0.19868562147346547,0.13188699179733593,0.04661325551444427,0.5570200060459336,Wetland,OSFL
0.1100283610653652,0.09847893289723506,0.016930546221189918,0.47019972181972797,Dry slopes,OSFL
0.23642981424147613,0.2916411925572586,0.012886463298030807,0.8801551657444644,Cultiv,OSFL
1.4528035280284014e-6,5.672974852830716e-4,0,0,Non-veg,OSFL
Predicted,SE,lower,upper,BHC,tssr,day,xYear,Species
0.09124603233783336,0.0497771597596143,0.030029506020638648,0.2456507678287405,Conif,0.061,0.4436,0,EVGR
0.06257587745666418,0.03151699868058559,0.022758211195851506,0.16060899482293173,Decid,0.061,0.4436,0,EVGR
0.12724950176212393,0.08895393703846304,0.029443907323466793,0.41202079464116165,Ripforest,0.061,0.4436,0,EVGR
2.119801638039875e-6,4.01045389948023e-4,1.9368117467064323e-167,0,Wetland,0.061,0.4436,0,EVGR
3.4797635194998304e-6,5.616130926608524e-4,1.4528382983129433e-143,0,Dry slopes,0.061,0.4436,0,EVGR
3.2930732243408094e-6,4.853100181923402e-4,1.183261524601858e-131,0,Cultiv,0.061,0.4436,0,EVGR
0.1633802877663438,0.19732113603973617,0.011399886992294748,0.7678317492688752,Non-veg,0.061,0.4436,0,EVGR
Predicted,SE,lower,upper,BHC,Species
3.721295542078584e-5,7.880478834206914e-4,3.502621022598153e-23,0,Conif,BRBL
0.3263526175488785,0.093226341101745,0.17424228767136946,0.5265744105143971,Decid,BRBL
0.20098307226669368,0.12394983073329786,0.052503113567428275,0.5331085537421103,Ripforest,BRBL
3.463996762010139e-5,0.002014771235875637,1.0697321603734303e-54,0,Wetland,BRBL
0.12170935400477789,0.1340864822141434,0.01171795956066032,0.6182582760436334,Dry slopes,BRBL
0.8247924859284319,0.1628940641070293,0.3407069231941094,0.9772119442244356,Cultiv,BRBL
1.796429833810457e-5,0.0027787249964666082,3.8712459504784596e-137,0,Non-veg,BRBL
Predicted,SE,lower,upper,BHC,tssr,Species
0.005826034564280092,0.002570953890918597,0.002449177257756409,0.013794425179051436,Conif,0.061,COWA
0.010756112345297143,0.003171051452519778,0.006026320670831813,0.01912667503133383,Decid,0.061,COWA
1.073300904898903e-12,NaN,NaN,NaN,Ripforest,0.061,COWA
0.04225108877908833,0.019325730967888664,0.01700668844876438,0.10111329015834307,Wetland,0.061,COWA
2.2237253446992946e-7,4.204928839484407e-5,2.4548859492302137e-168,0,Dry slopes,0.061,COWA
1.652268494914355e-6,1.4704202258920978e-4,2.9248618268813264e-82,0,Cultiv,0.061,COWA
5.794015933093103e-6,4.463076307911093e-4,1.5679895838095556e-71,0,Non-veg,0.061,COWA
Predicted,SE,lower,upper,BHC,tssr,day,xYear,Species
0.0017327797120215835,0.0012057129976172703,4.4257627505827653e-4,0.006758766581531821,Conif,0.061,0.4436,0,BKPW
0.0012947061854846993,9.004158954185539e-4,3.3101398544632075e-4,0.005049855333175656,Decid,0.061,0.4436,0,BKPW
0.00725267194008857,0.004878749686011928,0.0019321789560733237,0.026829961453680027,Ripforest,0.061,0.4436,0,BKPW
5.1161953936548613e-8,1.344799197458765e-5,9.319783198945904e-232,0,Wetland,0.061,0.4436,0,BKPW
2.662029638724388e-7,3.0938447118769785e-5,3.143839998640162e-106,0,Dry slopes,0.061,0.4436,0,BKPW
6.340859339917076e-7,3.217431453344268e-5,4.084026091144558e-50,0,Cultiv,0.061,0.4436,0,BKPW
3.069266064895087e-6,1.572599939936237e-4,7.479733909221055e-50,0,Non-veg,0.061,0.4436,0,BKPW
Predicted,SE,lower,upper,BHC,tssr,Species
0.4248491996351791,0.14866933152597284,0.1831151359327653,0.7088049517601986,Conif,0.061,WIWR
0.05777947521761824,0.0364533518639334,0.016238713827575524,0.18554430507809286,Decid,0.061,WIWR
2.887570161667118e-10,NaN,NaN,NaN,Ripforest,0.061,WIWR
5.417972399055656e-5,0.0027554345147892886,2.7650432113572113e-48,0,Wetland,0.061,WIWR
3.0000770173937003e-5,0.0020176699886426965,1.6934433245219354e-62,0,Dry slopes,0.061,WIWR
1.30361392889497e-5,0.0017077166192059634,4.04995193511281e-117,0,Cultiv,0.061,WIWR
3.4394631234982914e-5,0.004498711384097289,1.578145490289402e-116,0,Non-veg,0.061,WIWR
Predicted,SE,lower,upper,BHC,tssr,day,xYear,Species
0.002648708275598617,0.001842192190256752,6.765565871950204e-4,0.010310338652979324,Conif,0.061,0.4436,0,CMWA
7.749225924036824e-4,6.598402872309562e-4,1.4594133856612996e-4,0.0041035757729005395,Decid,0.061,0.4436,0,CMWA
0.006045644186039258,0.00424322629829085,0.001521781579070523,0.023698588178480647,Ripforest,0.061,0.4436,0,CMWA
1.27846339191683e-9,1.7091023364427243e-6,0,0,Wetland,0.061,0.4436,0,CMWA
0.0025994882984612163,0.0030034960187141652,2.69057089224781e-4,0.024617846537422893,Dry slopes,0.061,0.4436,0,CMWA
2.385609183935026e-7,2.9109951252255224e-5,3.2455883923425416e-111,0,Cultiv,0.061,0.4436,0,CMWA
4.3010428063598975e-7,7.469382883285842e-5,6.45731032991558e-155,0,Non-veg,0.061,0.4436,0,CMWA
Predicted,SE,lower,upper,BHC,Species
0.0025899814669476883,0.0019060827590667946,6.110737784280735e-4,0.010907461053427187,Conif,PHVI
0.00429510514237831,0.0021143671391399854,0.0016341850841579415,0.0112399834269121,Decid,PHVI
0.0072788153993691325,0.005347574357151011,0.0017161075456314555,0.03032512072497201,Ripforest,PHVI
0.00909723827361743,0.009251623723880617,0.0012267362912854903,0.06421670873890092,Wetland,PHVI
6.219155920715301e-7,7.594351790714855e-5,7.104339293838665e-111,0,Dry slopes,PHVI
1.2203337992335307e-7,4.069218482163623e-5,1.787365211853769e-291,0,Cultiv,PHVI
3.017379903990782e-7,1.0036706162592631e-4,2.2105761404768847e-290,0,Non-veg,PHVI
Predicted,SE,lower,upper,BHC,day,Species
0.0023758934595676856,0.002051049960285951,4.366154984998652e-4,0.012818239097092746,Conif,0.4436,WBNU
0.004166098052905957,0.002775417700907328,0.0011262062451919594,0.015285795691170933,Decid,0.4436,WBNU
0.006979145006861536,0.006004741923449353,0.0012846314991386252,0.03698158025583876,Ripforest,0.4436,WBNU
3.872197352077689e-7,5.8178663574727845e-5,4.9807865500116854e-135,0,Wetland,0.4436,WBNU
9.956511024524407e-7,9.17877923361656e-5,3.3639993423044563e-85,0,Dry slopes,0.4436,WBNU
1.4003320724533065e-6,1.154343122511835e-4,9.518919585988123e-77,0,Cultiv,0.4436,WBNU
6.149317243521669e-6,4.5515658511131207e-4,6.091183339509858e-69,0,Non-veg,0.4436,WBNU
Predicted,SE,lower,upper,BHC,Species
8.9138528442916e-8,1.0743000375959889e-5,2.306791399641327e-110,0,Conif,DUFL
0.001717606084894652,0.001243101515139562,4.1531781180100067e-4,0.007074504283693017,Decid,DUFL
0.007276897464020016,0.005252487395455985,0.0017597442964343033,0.02957889856579219,Ripforest,DUFL
0.009097110407837604,0.009167654657876285,0.0012492578036309503,0.06312909145724788,Wetland,DUFL
0.01853213802343671,0.01330747528067844,0.004480546068802569,0.07340218085789266,Dry slopes,DUFL
2.8265040502426503e-9,6.253679789394648e-6,0,0,Cultiv,DUFL
7.347883870991263e-9,1.5470181087748315e-5,0,0,Non-veg,DUFL
Predicted,SE,lower,upper,BHC,tssr,day,xYear,Species
0.04008633778474224,0.03415734376870883,0.007277780112061904,0.19216700368780842,Conif,0.061,0.4436,0,EAPH
0.0747935397544175,0.058532348953761415,0.015170431194463018,0.29787230220705735,Decid,0.061,0.4436,0,EAPH
0.0557516613235317,0.056480617164431146,0.00715822909860558,0.3259291282849893,Ripforest,0.061,0.4436,0,EAPH
0.08624656831630301,0.1063259891361097,0.0066617651112634456,0.570523110532111,Wetland,0.061,0.4436,0,EAPH
0.1450411650221672,0.12615848854102493,0.02257564623792302,0.5547737346285311,Dry slopes,0.061,0.4436,0,EAPH
0.08973061808804063,0.11618699264224934,0.006030102592494793,0.6156407272851684,Cultiv,0.061,0.4436,0,EAPH
8.430407208082816e-6,0.0014328487725247226,1.7894752842304305e-150,0,Non-veg,0.061,0.4436,0,EAPH
Predicted,SE,lower,upper,BHC,tssr,Species
0.0454519974261049,0.05889668841686423,0.0033174560778993258,0.4051797965211756,Conif,0.061,YBFL
0.21515676035515077,0.25106003638882707,0.01465651815290051,0.8347773226157865,Decid,0.061,YBFL
1.549242189018678e-11,1.1643460809385115e-7,0,0,Ripforest,0.061,YBFL
9.670824421258053e-6,0.0012958681050716054,8.4202807526559e-120,0,Wetland,0.061,YBFL
1.4876068122138077e-5,0.0015866877863379917,2.407816952355812e-96,0,Dry slopes,0.061,YBFL
5.990828406871726e-8,1.2997398355905999e-4,0,0,Cultiv,0.061,YBFL
1.3088576755502263e-7,3.105469633810608e-4,0,0,Non-veg,0.061,YBFL
Predicted,SE,lower,upper,BHC,tssr,day,xYear,Species
0.011074888723967998,0.009211026370143592,0.0021496395006517298,0.055014463136190336,Conif,0.061,0.4436,0,BKSW
0.013738675594942702,0.010728592971822324,0.002942433226245138,0.06169678771906413,Decid,0.061,0.4436,0,BKSW
0.006846006368402447,0.008401751609322832,6.113900023136417e-4,0.07207279760526575,Ripforest,0.061,0.4436,0,BKSW
0.08065440537622882,0.07377623255657183,0.012326603918791314,0.3814530941225838,Wetland,0.061,0.4436,0,BKSW
0.15021928780494517,0.111754183396935,0.03080669159506869,0.495742049954536,Dry slopes,0.061,0.4436,0,BKSW
1.5823715560322813e-6,1.9910963771896086e-4,1.2374957662290713e-113,0,Cultiv,0.061,0.4436,0,BKSW
0.24229281464499883,0.4144504697200493,0.0038157360918536737,0.9638931751457469,Non-veg,0.061,0.4436,0,BKSW
Predicted,SE,lower,upper,BHC,tssr,day,xYear,Species
0.6215237181671281,0.30329103676241614,0.11598485879615662,0.9536049124947673,Conif,0.061,0.4436,0,MACW
1.0260385988481389e-4,3.884795506747634e-4,6.138347502126307e-8,0.1464225479108303,Decid,0.061,0.4436,0,MACW
5.778146249098223e-5,2.2325552013498153e-4,2.970012858397138e-8,0.1010642504494148,Ripforest,0.061,0.4436,0,MACW
1.94318014994145e-15,3.260115934259875e-11,0,0,Wetland,0.061,0.4436,0,MACW
0.006658962461097944,0.02194538677764881,1.0052284574876055e-5,0.817198304530569,Dry slopes,0.061,0.4436,0,MACW
3.821673483792979e-12,1.6029275382028647e-8,0,0,Cultiv,0.061,0.4436,0,MACW
2.442152914363475e-8,1.0179018521947161e-6,8.114380804672132e-44,0,Non-veg,0.061,0.4436,0,MACW
Predicted,SE,lower,upper,BHC,day,Species
8.20894763679236e-8,5.9268503727933725e-6,2.868354940829275e-69,0,Conif,0.4436,GRCA
0.006394126698646816,0.0034162176105269975,0.0022381658124287222,0.01812692573473231,Decid,0.4436,GRCA
2.838804093603306e-10,1.2728933150656822e-6,0,0,Ripforest,0.4436,GRCA
6.014857878103279e-9,7.76250550291845e-6,0,0,Wetland,0.4436,GRCA
0.31646980184305934,0.10413342889889891,0.15270294354977268,0.5432592828337333,Dry slopes,0.4436,GRCA
0.02227207656574727,0.023304509975203433,0.0027885716655382223,0.1565187146001724,Cultiv,0.4436,GRCA
9.241829809558303e-9,4.702923997289627e-6,0,0,Non-veg,0.4436,GRCA
Predicted,SE,lower,upper,BHC,tssr,day,xYear,Species
0.027099145741218845,0.02408962780164026,0.004625159800795659,0.14307867202202165,Conif,0.061,0.4436,0,BEKI
0.003441905854954432,0.0036522675754699007,4.283173303051336e-4,0.027084216623507195,Decid,0.061,0.4436,0,BEKI
0.1373933176151433,0.1255428534265241,0.0195837882423273,0.5594802431275098,Ripforest,0.061,0.4436,0,BEKI
0.03854918934745061,0.048301535132658516,0.0031076444726584216,0.340236851783505,Wetland,0.061,0.4436,0,BEKI
7.479225855900587e-6,6.08366874045801e-4,4.323669619116519e-75,0,Dry slopes,0.061,0.4436,0,BEKI
1.5968497111068218e-5,7.98088986884608e-4,4.575283075511644e-48,0,Cultiv,0.061,0.4436,0,BEKI
3.972230537103681e-5,0.0022442288454211676,3.2062591054402673e-53,0,Non-veg,0.061,0.4436,0,BEKI
Predicted,SE,lower,upper,BHC,tssr,Species
0.011965263187524486,0.015157745061097504,9.80285986691504e-4,0.13002532785434967,Conif,0.061,EAKI
0.11711105910623161,0.07586646747751292,0.030525467321086276,0.3584815973951838,Decid,0.061,EAKI
0.7836478416128079,0.25140848288298845,0.1653036584971114,0.9851294227756031,Ripforest,0.061,EAKI
0.04198257267852187,0.059333333335340147,0.002426233358594274,0.4412139776644832,Wetland,0.061,EAKI
5.346726510509945e-6,7.524062354011823e-4,8.79021789579198e-126,0,Dry slopes,0.061,EAKI
7.287587042761626e-6,0.0011087172776812696,2.3000343621895466e-135,0,Cultiv,0.061,EAKI
1.5216263206778677e-5,0.0025617057236256746,7.545353671526401e-149,0,Non-veg,0.061,EAKI
Predicted,SE,lower,upper,BHC,tssr,Species
0.004820343933961444,0.005954552987446896,4.250232887903479e-4,0.05229143131828406,Conif,0.061,MAWR
0.03281542234298472,0.025721178488267608,0.006882544933335836,0.14244601375893517,Decid,0.061,MAWR
3.970566409269046e-12,NaN,NaN,NaN,Ripforest,0.061,MAWR
0.9259332139680054,0.08370612950749699,0.5333526492658957,0.9927397970972385,Wetland,0.061,MAWR
4.07786948669785e-6,4.1981959823383187e-4,9.511878887397748e-94,0,Dry slopes,0.061,MAWR
2.191076849009591e-5,0.0012318659735493568,3.043785416932143e-53,0,Cultiv,0.061,MAWR
5.6459183440367527e-5,0.003168678207288129,9.479474332582702e-53,0,Non-veg,0.061,MAWR
Predicted,SE,lower,upper,BHC,tssr,day,xYear,Species
0.026209401704783707,0.026495197136519915,0.0035060904371146655,0.17073675115523507,Conif,0.061,0.4436,0,VGSW
0.057346282698478246,0.04911486882200541,0.010147347774294957,0.2652537614647321,Decid,0.061,0.4436,0,VGSW
9.58374280339493e-12,8.039426713373783e-8,0,0,Ripforest,0.061,0.4436,0,VGSW
6.534353930039482e-6,6.652802840586031e-4,1.4174345832300579e-92,0,Wetland,0.061,0.4436,0,VGSW
0.21324543026289583,0.13079160597641648,0.05554461222440206,0.5553909086605847,Dry slopes,0.061,0.4436,0,VGSW
3.415937697806601e-6,4.8718866669606256e-4,1.3577843332262564e-127,0,Cultiv,0.061,0.4436,0,VGSW
0.22191591591387425,0.346436206106843,0.005558106245213796,0.9357070303373829,Non-veg,0.061,0.4436,0,VGSW
Predicted,SE,lower,upper,BHC,tssr,Species
0.006607472896678075,0.0036116112688598786,0.002257230839199308,0.01918053399243901,Conif,0.061,RECR
0.004515644503173125,0.0024449283800833136,0.0015597193109051868,0.013000592537378874,Decid,0.061,RECR
0.0037353203515718423,0.003925448228086614,4.740952252225073e-4,0.02878396112738422,Ripforest,0.061,RECR
7.918184817268934e-7,8.449179391686683e-5,1.1755209060490501e-97,0,Wetland,0.061,RECR
1.7630111122839142e-6,1.239459661110429e-4,2.533071190066726e-66,0,Dry slopes,0.061,RECR
4.759241886922209e-6,2.588428846077654e-4,2.413593780187116e-52,0,Cultiv,0.061,RECR
1.1954761655358749e-5,6.618490595603896e-4,8.955365120247508e-53,0,Non-veg,0.061,RECR
